long,lat,class
72.83353739183306,19.14469506208817,1_s
72.83321238359888,19.14446346846083,1_s
72.83352677864819,19.14422075081047,1_s
72.83396625267072,19.14424943634574,1_s
72.83424291901076,19.14400131954008,1_s
72.83432574522027,19.14374396852441,1_s
72.83488095766914,19.14403935264749,1_s
72.83457793374475,19.1443852100669,1_s
72.83454389108003,19.14459009297441,1_s
72.83494502313445,19.14463572228981,1_s
72.83502170785134,19.14425747288546,1_s
72.83512988386595,19.14497120160411,1_s
72.83500035614487,19.14554940220248,1_s
72.83538533096589,19.14566618898676,1_s
72.83555509740272,19.14517394679104,1_s
72.83551793835962,19.14463190355587,1_s
72.83530893146093,19.14431372042856,1_s
72.83518483293271,19.14400656641519,1_s
72.8357731542697,19.14464711502252,1_s
72.83614455014295,19.14474120553481,1_s
72.83631320184001,19.14463354260933,1_s
72.83630381069288,19.14411454167379,1_s
72.83635579107559,19.14394587555862,1_s
72.83585283328281,19.14502026045444,1_s
72.83536548160598,19.14587142238773,1_s
72.83435153770039,19.14418287420219,1_s
72.83401357053802,19.14390624190017,1_s
72.83323058058245,19.14414639043066,1_s
72.83367938434515,19.14452413556729,1_s
72.83511687516722,19.14894668855019,2_s
72.83489796324567,19.15001534504642,2_s
72.83429481088042,19.14943965338156,2_s
72.83553215502916,19.1490046179879,2_s
72.83705474462187,19.14830211665524,2_s
72.8373239503824,19.14770011913422,2_s
72.837349038922,19.14724726535806,2_s
72.83961278348558,19.14669421524192,2_s
72.84013413137345,19.14702920805731,2_s
72.83729970685559,19.14582597963687,2_s
72.83968836005187,19.14532372378548,2_s
72.83764396791389,19.14800630975748,2_s
72.8413217523308,19.14679446280365,2_s
72.84170506658745,19.1475556690243,2_s
72.84056220848132,19.14823171093856,2_s
72.84062532755847,19.14823325920129,2_s
72.84273828428003,19.14857148029752,2_s
72.84291915741674,19.14980506835492,2_s
72.83703931349875,19.14697456289817,2_s
72.83351376479304,19.14931047907776,2_s
72.8337348638204,19.15091502088723,2_s
72.83330239873742,19.15010484079993,2_s
72.83475661704928,19.1505104949264,2_s
72.83496137853874,19.15087353467954,2_s
72.83495090207623,19.1503362605929,2_s
72.83403346662914,19.14970511686183,2_s
72.83322669546759,19.14918409290417,2_s
72.83733705779305,19.14533505534086,2_s
72.8453565971333,19.14925368068729,2_s
72.84579447898173,19.14848872968419,2_s
72.84402537844426,19.14574840445175,2_s
72.84239034577834,19.14502811830952,2_s
72.84178540711396,19.14589636830961,2_s
72.84195132397126,19.14629424104372,2_s
72.84030942430391,19.14582436651539,2_s
72.84000924658361,19.14617500637447,2_s
72.85277280530745,19.14407554060451,2_s
72.85234240729945,19.14364733652139,2_s
72.85210562351223,19.14306873528797,2_s
72.85275087614322,19.14257137782183,2_s
72.85308375094046,19.14333133376738,2_s
72.85270797312775,19.14321473968658,2_s
72.85392900272235,19.14429476495283,2_s
72.85339110362867,19.14271830491959,2_s
72.85257276610541,19.14169587087458,2_s
72.85195145411525,19.14224155188892,2_s
72.85212805679741,19.14271127905274,2_s
72.85250140742291,19.14107357703033,2_s
72.85246530570367,19.14054761148451,2_s
72.85278567344182,19.14084185330304,2_s
72.85752347354732,19.14047512240104,2_s
72.85699850389702,19.14027135978374,2_s
72.85757996661995,19.13979628612448,2_s
72.85832902244321,19.13965944106604,2_s
72.85773296815101,19.14020576694591,2_s
72.8560734789645,19.14129890206323,2_s
72.85555820216352,19.14120277200348,2_s
72.85543348265976,19.14160545930875,2_s
72.85639385246053,19.14159313603697,2_s
72.85757602562316,19.14132368923825,2_s
72.8584286894756,19.14109391523454,2_s
72.85884615533487,19.14153372375289,2_s
72.85869652118791,19.14053957521936,2_s
72.85958794542596,19.14074034831556,2_s
72.85932881731034,19.14143811016663,2_s
72.85853360104205,19.14095327424336,2_s
72.85394245299688,19.13977898674304,2_s
72.85341207545336,19.13931254196099,2_s
72.85363876361775,19.13887654448881,2_s
72.85393301945903,19.13874053705777,2_s
72.86038511560983,19.14149863934316,2_s
72.86041166888363,19.14145155356974,2_s
72.86068014059197,19.14087336365428,2_s
72.86101510943226,19.14109634522906,2_s
72.8608625373648,19.14159383084077,2_s
72.86044039740351,19.14040210074527,2_s
72.85987331085333,19.14035245595348,2_s
72.860945786325,19.13993708931947,2_s
72.86173391328288,19.14021886215077,2_s
72.86180563317242,19.14082923155632,2_s
72.86220742866256,19.14045715574479,2_s
72.85781102400333,19.13686436003293,2_s
72.85784987251093,19.13682950917792,2_s
72.85840952858661,19.13668804952826,2_s
72.86205165758598,19.13607290324195,2_s
72.85988588712492,19.1348982794059,2_s
72.85822737614586,19.13503677827402,2_s
72.86094157275764,19.13404732185988,2_s
72.85869907226774,19.13337201043253,2_s
72.85839601837706,19.13383000722031,2_s
72.85882867345832,19.13417471272435,2_s
72.85980214296688,19.13321995694127,2_s
72.8598403374738,19.13320895649848,2_s
72.85989115469651,19.13319826423399,2_s
72.86075211190074,19.13312382296226,2_s
72.86178743379719,19.13498684877958,2_s
72.86181235366857,19.13499939068583,2_s
72.86236124662635,19.13525146205468,2_s
72.86293604477461,19.13548029891273,2_s
72.86316237976308,19.13505621818413,2_s
72.86167749384032,19.13300321473388,2_s
72.85913313704724,19.1318193327041,2_s
72.85861190995311,19.13240327312106,2_s
72.8578341987519,19.13358954390463,2_s
72.85661076929595,19.13352383946103,2_s
72.8562452590739,19.13257215918582,2_s
72.85572336266368,19.13317993858355,2_s
72.85735365740273,19.13453246992337,2_s
72.85658616081774,19.13488364637476,2_s
72.85598275442807,19.13523883320702,2_s
72.85605849261762,19.13524068454853,2_s
72.85735996278099,19.1352247602553,2_s
72.85790873440547,19.13455796852702,2_s
72.857525702331,19.13378487190988,2_s
72.85796946031012,19.13233983971381,2_s
72.85947895593621,19.13256765753248,2_s
72.86165432740772,19.13384992384728,2_s
72.86247247707151,19.13580311818902,2_s
72.86097216072832,19.13477600556815,2_s
72.8659603513823,19.13276661478247,2_s
72.86630192777962,19.13228565990764,2_s
72.86602692315245,19.13171806961569,2_s
72.86598421408023,19.13119525107005,2_s
72.86669117958121,19.13259678883259,2_s
72.87106027643584,19.13009979822202,2_s
72.870801790317,19.12938942832054,2_s
72.88842251324861,19.1199717885929,2_s
72.88935629117455,19.12016460335215,2_s
72.89258557651705,19.12014571538192,2_s
72.89249495917912,19.11921982597023,2_s
72.89226523134661,19.11867948656507,2_s
72.89314990417593,19.12020801524896,2_s
72.89165934403034,19.1196735620599,2_s
72.89179550786803,19.11892332900522,2_s
72.89381276233414,19.10952662222342,2_s
72.89426530072851,19.10896637252143,2_s
72.89431704649381,19.10895547327461,2_s
72.89436879227672,19.1089445740052,2_s
72.89544820316287,19.1089828887243,2_s
72.8964093088418,19.10864156252048,2_s
72.89535821665088,19.10945470169687,2_s
72.89508238063668,19.10777080337525,2_s
72.89502076140069,19.10719807958066,2_s
72.89453330033584,19.10714980595283,2_s
72.8940633012175,19.10740579930832,2_s
72.89317701828269,19.10830799710974,2_s
72.89295090139927,19.10905604021296,2_s
72.89263612595825,19.10975331530955,2_s
72.89232266837601,19.11040200628765,2_s
72.892628181155,19.11099278856025,2_s
72.89332233290848,19.10958765241049,2_s
72.89364073547631,19.10875677267834,2_s
72.89365457905568,19.10872064737013,2_s
72.89356527372338,19.10822018143883,2_s
72.89306728557219,19.10761257388626,2_s
72.89240941682607,19.10815569125569,2_s
72.89203136149052,19.10881497266021,2_s
72.89203037159058,19.10885140965568,2_s
72.89200167923073,19.10943408710414,2_s
72.89202606715085,19.10948329307018,2_s
72.89205045508146,19.10953249902404,2_s
72.89195089320366,19.11035652789728,2_s
72.89213675861055,19.11109025184187,2_s
72.89217598063284,19.11106689594502,2_s
72.8931713726369,19.10993644597345,2_s
72.89421749333775,19.10977950689326,2_s
72.89487667808748,19.10966179639043,2_s
72.89469445149093,19.10784647920768,2_s
72.89437741673301,19.10673279537981,2_s
72.89199975861582,19.10761099053355,2_s
72.89525239092642,19.10418591718534,2_s
72.89653479099374,19.10290439490862,2_s
72.89750474391403,19.10270912115123,2_s
72.89718340895807,19.10222733735775,2_s
72.8952148387753,19.10272656273327,2_s
72.89418127833301,19.10336996159362,2_s
72.89407579572234,19.10441261869667,2_s
72.8925468786347,19.10435123111699,2_s
72.89223082638694,19.10367511034092,2_s
72.89223181596789,19.10363867315936,2_s
72.89280002371521,19.10308123212171,2_s
72.89313521405624,19.10257890353791,2_s
72.89326604081342,19.10344499548914,2_s
72.8941120869323,19.10212859620713,2_s
72.89413845336226,19.10210492787738,2_s
72.89315796100684,19.10221483927418,2_s
72.89211945125223,19.10256641182341,2_s
72.89185971876485,19.1036053369414,2_s
72.8915927340594,19.10443746581935,2_s
72.89183232274475,19.10508742382041,2_s
72.89207125050186,19.10576167066553,2_s
72.89763393901286,19.1015621669654,2_s
72.89776544549741,19.10003397948355,2_s
72.89659578976436,19.10047964379412,2_s
72.89656843486826,19.10053974978025,2_s
72.89654140964092,19.10058770976127,2_s
72.89603616756031,19.10166929756195,2_s
72.89553588216542,19.10114671870126,2_s
72.89483192391137,19.10054627496332,2_s
72.89390680822385,19.10098568371506,2_s
72.89349120467493,19.10160759609687,2_s
72.89314911706819,19.10094299800897,2_s
72.89259904659193,19.10130641936807,2_s
72.89250939134504,19.10176608568545,2_s
72.89113690327621,19.10248681452818,2_s
72.89088441880837,19.10325851947304,2_s
72.89041077743329,19.1041220900688,2_s
72.8898541317797,19.10378043468067,2_s
72.88973149018207,19.10450668106751,2_s
72.89036460048101,19.10487449949377,2_s
72.89082103894218,19.10559049138631,2_s
72.89106959170465,19.10449052968375,2_s
72.88992568551903,19.10304079777791,2_s
72.89379826721597,19.10015709446463,2_s
72.89460836735246,19.09969057819501,2_s
72.89564619390391,19.09983726441061,2_s
72.89587127976023,19.10054764082476,2_s
72.89671996700288,19.09960803907854,2_s
72.89697767463575,19.10101197864276,2_s
72.89490097668538,19.1021770308675,2_s
72.89788469020394,19.10218855837924,2_s
72.89890380931801,19.10018352410074,2_s
72.89706899618945,19.09954356573065,2_s
72.898174263195,19.09911961412479,2_s
72.89761431611724,19.09889943764654,2_s
72.89602447176168,19.09871507232346,2_s
72.89563656524494,19.09926473639293,2_s
72.89468016555641,19.09896202009544,2_s
72.8948386965676,19.09833387624586,2_s
72.89561582132009,19.09765995555223,2_s
72.89566756324152,19.09764905580802,2_s
72.89627396056846,19.09805266842823,2_s
72.89671327506613,19.09797823728801,2_s
72.89749303564172,19.09815512539701,2_s
72.89784831530963,19.09785988775963,2_s
72.8979007174827,19.09782469566776,2_s
72.89849164360884,19.09785115943305,2_s
72.89834301258699,19.09669294626055,2_s
72.89831796524001,19.09666803214,2_s
72.89755468081235,19.09635785688169,2_s
72.89690542772196,19.09658521026148,2_s
72.89618334018441,19.0971267911812,2_s
72.89553178514765,19.09743915225439,2_s
72.89462086975402,19.09735630316989,2_s
72.89413541517575,19.0977091432588,2_s
72.8906941809734,19.09972824737623,2_s
72.89003666939269,19.10025920340159,2_s
72.88977529259961,19.10088484857182,2_s
72.88850421835933,19.09938340859243,2_s
72.88934297330125,19.09928223311667,2_s
72.88933174815438,19.09969518276379,2_s
72.88876684526848,19.10013115398827,2_s
72.8888057350634,19.10011994443765,2_s
72.88991839194863,19.09940558131267,2_s
72.89072749718703,19.09897553301762,2_s
72.89010726868364,19.09860802800985,2_s
72.88975035422632,19.09848998354791,2_s
72.89187448588126,19.09652400474732,2_s
72.89153894755155,19.09751247544875,2_s
72.89036148257409,19.09587960817134,2_s
72.88966806183419,19.09631247306299,2_s
72.88909425616559,19.09707638661952,2_s
72.8886091434787,19.09694307121222,2_s
72.89028828402736,19.09667998607039,2_s
72.88995474584388,19.09712158078633,2_s
72.88910517235992,19.0962015783013,2_s
72.89175288681544,19.09626582466431,2_s
72.89173114458133,19.09523836318711,2_s
72.89162142621048,19.09454294238597,2_s
72.89159803065667,19.09445729899334,2_s
72.89077584082892,19.09300321190875,2_s
72.88954820471632,19.09369049638622,2_s
72.88942359306296,19.09448961456501,2_s
72.88974981957263,19.09526321039016,2_s
72.89026527380912,19.09475311389689,2_s
72.88840332280375,19.09369916521123,2_s
72.88879090933091,19.0931616565132,2_s
72.88969720125588,19.09294057861898,2_s
72.88970597598333,19.09214293416479,2_s
72.89086963823993,19.09191594744729,2_s
72.89017003020153,19.09115759859812,2_s
72.88969646826855,19.0910731834196,2_s
72.88912796436811,19.09164275927647,2_s
72.88876311720857,19.09229019740435,2_s
72.88820054966044,19.0926411471544,2_s
72.8872587537124,19.0913299898716,2_s
72.88681185550965,19.09168374532656,2_s
72.88623576454698,19.09205866879215,2_s
72.88638477054769,19.09130875837694,2_s
72.88876285801645,19.09088036821596,2_s
72.88893097652988,19.08989999468365,2_s
72.88814889409375,19.08947379266938,2_s
72.88869364598226,19.08930471437411,2_s
72.88921863643485,19.08891638900568,2_s
72.88945132402293,19.08839942972232,2_s
72.88962267327148,19.08871958350294,2_s
72.89025675735256,19.08810297882609,2_s
72.89134988381858,19.08810518918354,2_s
72.89213522033182,19.08807561948958,2_s
72.89247399621991,19.08838767990572,2_s
72.89276996294572,19.08790870083286,2_s
72.89264343493144,19.08735870693759,2_s
72.89225421767819,19.0874829649491,2_s
72.89349796767453,19.08809650241497,2_s
72.89388123962354,19.08866487379685,2_s
72.89404768871134,19.08821921119896,2_s
72.88792222934549,19.08835015669869,2_s
72.88763678204673,19.08938843624091,2_s
72.88694374714346,19.08933514506078,2_s
72.88573397349845,19.08936652701423,2_s
72.88537436756164,19.09029362020479,2_s
72.8854092547716,19.0909021504008,2_s
72.88589074649643,19.09069508038593,2_s
72.885432940971,19.09144964186792,2_s
72.8854351422724,19.09278661271084,2_s
72.88451899629737,19.0924240533685,2_s
72.88187080605196,19.09071147642248,2_s
72.88198577280065,19.09121257215886,2_s
72.88032164189535,19.09196581305553,2_s
72.87998080543949,19.09267459333678,2_s
72.87942582237078,19.09274617286109,2_s
72.8800024877139,19.09329496464868,2_s
72.87957895298374,19.09373435919921,2_s
72.88013857367454,19.09349273570209,2_s
72.8805785450233,19.09339404970134,2_s
72.88106987799833,19.09377061350507,2_s
72.88090487324932,19.09274567998556,2_s
72.88043589197763,19.09296519729986,2_s
72.88108060435242,19.09195996242218,2_s
72.8800585048768,19.08698854750077,2_s
72.87975430267626,19.08729714754355,2_s
72.88048523066649,19.08737570077004,2_s
72.88045692591636,19.08699824101523,2_s
72.88045857945107,19.08693751172965,2_s
72.88393637962919,19.08957435374883,2_s
72.88080397655409,19.07484446952165,2_s
72.87743422138971,19.07390950196869,2_s
72.8783523083236,19.07386414890079,2_s
72.8785890498781,19.07411361660108,2_s
72.88075823419739,19.07336757367288,2_s
72.88152657784079,19.07303423921732,2_s
72.88260003836224,19.0720178109669,2_s
72.88279688546822,19.07110191571609,2_s
72.88223496928124,19.07016757332111,2_s
72.88186390764943,19.06958989192148,2_s
72.8820706007228,19.07304746803499,2_s
72.88552978655795,19.07280659603709,2_s
72.87470542753078,19.07260872071476,2_s
72.87499850392659,19.07382739209766,2_s
72.87704298957557,19.07748976632901,2_s
72.87629942330599,19.07740557903454,2_s
72.87236280426022,19.07816882657049,2_s
72.87439998215389,19.07868103637875,2_s
72.87492383500201,19.07827524918249,2_s
72.87127643478496,19.07783396680844,2_s
72.86972374385813,19.07665065727131,2_s
72.87435737931141,19.05561103271447,2_s
72.87460059039148,19.05611804560061,2_s
72.87122565158683,19.06028743619501,2_s
72.87208736629282,19.06226723896715,2_s
72.87242567607585,19.06282213630103,2_s
72.87464541267357,19.06272440402133,2_s
72.86054846745664,19.04502424494098,2_s
72.8573117797736,19.04463817049957,2_s
72.85693257024442,19.04544231552321,2_s
72.85858827678285,19.0442703503477,2_s
72.85983846419894,19.04427021719209,2_s
72.86034438260651,19.04417514953746,2_s
72.85809786356184,19.04201760187881,2_s
72.85745206927541,19.04247758560365,2_s
72.85768374884907,19.04055204183258,2_s
72.855919996406,19.04385996829598,2_s
72.85658261289551,19.0445195821875,2_s
72.85591798094092,19.04911431367852,2_s
72.85664215608658,19.05063327710706,2_s
72.87351797480989,19.02679143902609,2_s
72.87316244140203,19.02905139094308,2_s
72.87128432605047,19.03326499512543,2_s
72.86975822169573,19.03355185500869,2_s
72.86961489508285,19.0352150610113,2_s
72.87027715243241,19.03787019713421,2_s
72.87223219490258,19.02365811985219,2_s
72.87305631934913,19.02576163292126,2_s
72.87369957560425,19.02193442886238,2_s
72.87196507970019,19.02267932927962,2_s
72.87052753313674,19.01972741807607,2_s
72.86926012474846,19.0195113555026,2_s
72.8659523845499,19.015770857029,2_s
72.86532144757943,19.0162367829532,2_s
72.86579129838198,19.01767507358676,2_s
72.8677576407367,19.01691512728303,2_s
72.86586400066808,19.01501232213253,2_s
72.86544492726311,19.01371281636218,2_s
72.85409624293149,19.04668520235252,3_s
72.85358345942973,19.04495140548615,3_s
72.85276678828833,19.0440840434745,3_s
72.85145271189357,19.04296617398299,3_s
72.85047240466928,19.04193590076697,3_s
72.8525578846603,19.04148383012932,3_s
72.85269813364363,19.04045451927126,3_s
72.85526258565024,19.03887549717594,3_s
72.85122530753723,19.0369494253452,3_s
72.84774297656449,19.04441125439695,3_s
72.8466473922219,19.04451683536562,3_s
72.87184653629799,19.03845185238146,3_s
72.87280583020403,19.03792929495732,3_s
72.84266802605168,19.0564007806265,3_s
72.85365305842593,19.06416199037698,3_s
72.85533976320642,19.0648480318662,3_s
72.84369981945294,19.06887996942501,3_s
72.84574852284183,19.0677234564007,3_s
72.8425732318414,19.07014655261792,3_s
72.84332181442042,19.07051467554949,3_s
72.89188202654096,19.05800919613695,3_s
72.8858412805582,19.05726673767015,3_s
72.88820109698727,19.06053203500564,3_s
72.88848007950959,19.05918687453788,3_s
72.89206269659611,19.04807958192099,3_s
72.89210582085327,19.04716499652998,3_s
72.89673659649088,19.0468244419757,3_s
72.89689119688914,19.04758236121324,3_s
72.92787667115257,19.06195766155081,3_s
72.92586284728912,19.06441226306869,3_s
72.92255317657218,19.06580478061772,3_s
72.92016738765264,19.06471642127277,3_s
72.92302561647114,19.06272406934328,3_s
72.91221225713014,19.05929726279967,3_s
72.91866537250753,19.05974762493597,3_s
72.92166310113109,19.06703485687697,3_s
72.91597105567899,19.07300792180193,3_s
72.91465408470734,19.07562658133993,3_s
72.91487912631553,19.07305509789855,3_s
72.90442273618399,19.06220066336943,3_s
72.92846129018771,19.06049929050333,3_s
72.92963000837523,19.06339881342366,3_s
72.92724065552078,19.0653290192601,3_s
72.92487906365153,19.06622909658158,3_s
72.92410967305135,19.06297110557649,3_s
72.92419347056425,19.06275226271249,3_s
72.93759277003285,19.0546574208163,3_s
72.94732179078109,19.03844882375941,3_s
72.94794595332402,19.04092060438251,3_s
72.93966560968479,19.04678699339588,3_s
72.93869301127812,19.04822230480399,3_s
72.93802407517113,19.04893556794138,3_s
72.93008643656866,19.04962743086724,3_s
72.92990139162094,19.05046748483912,3_s
72.92947975751014,19.04953605120533,3_s
72.93092526579149,19.05014665270356,3_s
72.93711044642578,19.05271399928611,3_s
72.9387332347214,19.0545374149304,3_s
72.93755635525186,19.05635734824495,3_s
72.93804827772693,19.05764885125469,3_s
72.93603695773122,19.05411696120473,3_s
72.9301186933175,19.05326338193951,3_s
72.92118427035484,19.07006995955022,3_s
72.91660089359387,19.07345576249118,3_s
72.91386404830619,19.07304011906592,3_s
72.9102170754571,19.0711040515994,3_s
72.93910211170576,19.13566226865435,3_s
72.94016338041313,19.13313350192271,3_s
72.93782835717842,19.13172211709162,3_s
72.92364311886885,19.14008566899475,3_s
72.92138381915932,19.13997906248241,3_s
72.92661554146981,19.14239878805919,3_s
72.89881836499669,19.09211792118712,3_s
72.89680143711104,19.09326797832262,3_s
72.89950526469852,19.09119629641808,3_s
72.91236834689481,19.09077780285549,3_s
72.82878544640027,19.10830221875252,1_ns
72.82695217135283,19.11009132395191,1_ns
72.82595231180107,19.1120992570055,1_ns
72.82466919496513,19.11296002630681,1_ns
72.83166650008963,19.10847225476349,1_ns
72.83187758852407,19.10842787371621,1_ns
72.83505407292893,19.10548204830821,1_ns
72.83260553621837,19.10676030059894,1_ns
72.83535077243101,19.11376789391343,1_ns
72.83260250188749,19.11449355637792,1_ns
72.8313304565462,19.11495803801659,1_ns
72.84064071481893,19.11409601440671,1_ns
72.83930546947701,19.11495554586836,1_ns
72.84407023418831,19.1095700049089,1_ns
72.84336355788763,19.11237822942213,1_ns
72.84357307202495,19.1047493733308,1_ns
72.84210379052104,19.104762901118,1_ns
72.84713453590608,19.10305206710726,1_ns
72.84892728682635,19.10463272472061,1_ns
72.85012163752239,19.10699184615552,1_ns
72.84995328239721,19.10356724822644,1_ns
72.85018532155993,19.10084639178138,1_ns
72.84839198292329,19.10119908267681,1_ns
72.84692543889287,19.10111358702074,1_ns
72.84206215036626,19.10054816312717,1_ns
72.84057990544098,19.09912368135564,1_ns
72.84869889396374,19.09596910630477,1_ns
72.8489536382107,19.09815650470751,1_ns
72.84711609368711,19.09821063710058,1_ns
72.84608455757805,19.09565719766452,1_ns
72.8497044338839,19.0956467340385,1_ns
72.85043236388697,19.09779614269948,1_ns
72.84907829546547,19.09934929432356,1_ns
72.83750000217498,19.08543302034767,1_ns
72.83989166533453,19.08430203645068,1_ns
72.83719562895584,19.0831451396577,1_ns
72.8390011157488,19.08234677019427,1_ns
72.83626697314375,19.08257697470981,1_ns
72.83561001999999,19.08548569441804,1_ns
72.83309553753371,19.07962346654081,1_ns
72.83690619268562,19.08031223644105,1_ns
72.83599928586526,19.07895134570446,1_ns
72.83657652919771,19.07703203112829,1_ns
72.83207480288918,19.0766731615681,1_ns
72.83308254476991,19.07818538992909,1_ns
72.83135594078723,19.07992761945007,1_ns
72.83246778513923,19.07955841476962,1_ns
72.84467885354132,19.08189132448129,1_ns
72.84455711183575,19.08441657559607,1_ns
72.84400399647748,19.07780959633466,1_ns
72.84475088039262,19.07926563532844,1_ns
72.8433396315806,19.0790822650267,1_ns
72.8386497270931,19.07985937269045,1_ns
72.83501741288087,19.07649783129548,1_ns
72.83468249864433,19.07447865970703,1_ns
72.83238664881694,19.07402554160937,1_ns
72.83629403562945,19.07501404819687,1_ns
72.83697815351682,19.07111447304813,1_ns
72.8360324262111,19.06925687427371,1_ns
72.83527462089438,19.06819708554632,1_ns
72.83252057152643,19.06723676525792,1_ns
72.83217611270851,19.0683190012963,1_ns
72.83700456797507,19.06823970125322,1_ns
72.83832947396508,19.06966045716858,1_ns
72.83876456251041,19.0710096988336,1_ns
72.83568056441476,19.07252022255965,1_ns
72.83335210618395,19.07325610603621,1_ns
72.83157572263549,19.07489793430792,1_ns
72.84298290529219,19.07785529356401,1_ns
72.82757457681716,19.06775916421202,1_ns
72.82663017478401,19.06966945724146,1_ns
72.82509446124072,19.06635911762589,1_ns
72.83108879437133,19.05827669877682,1_ns
72.82925346149297,19.06016488391463,1_ns
72.82655764207257,19.05900780745972,1_ns
72.82541315580275,19.06056599399742,1_ns
72.83279192760256,19.06119388475482,1_ns
72.83078571073821,19.0635736005408,1_ns
72.83078434703727,19.06362313997437,1_ns
72.83524660073662,19.0596679321316,1_ns
72.83332701735121,19.05699330789824,1_ns
72.82691150985002,19.04989901641257,1_ns
72.82426306834627,19.05082524279604,1_ns
72.8228115152743,19.05019450720464,1_ns
72.82193738765331,19.04764443494789,1_ns
72.82300017197531,19.04905887513815,1_ns
72.82553227503313,19.04664249774235,1_ns
72.8235392218207,19.05234427906856,1_ns
72.8252101536789,19.05833461082679,1_ns
72.82373029276143,19.06062835001741,1_ns
72.82333178334781,19.0617588521083,1_ns
72.82475630668274,19.06526435027361,1_ns
72.82718855109175,19.06458035336222,1_ns
72.83957053283522,19.02156519437958,1_ns
72.83766074504891,19.02236100236442,1_ns
72.83424449174626,19.01880662842287,1_ns
72.83733666300854,19.01888277882757,1_ns
72.83569437774031,19.02330413664424,1_ns
72.8369719610363,19.02452534008206,1_ns
72.84051250308005,19.03308938963751,1_ns
72.84408710837741,19.036597616244,1_ns
72.84252422364348,19.04002969069175,1_ns
72.84576347182742,19.03857210116518,1_ns
72.84393400720117,19.03262793755277,1_ns
72.8428028246517,19.02798992642861,1_ns
72.84022462099803,19.02257274695358,1_ns
72.83936966937758,19.01932940443578,1_ns
72.83660761136247,19.01678262311768,1_ns
72.85131150662485,19.01792166064584,1_ns
72.84854318167888,19.01944029918349,1_ns
72.85249246371488,19.02266024913706,1_ns
72.8517176949009,19.01649396274326,1_ns
72.82754891814942,19.01719834123794,1_ns
72.82490492377745,19.01609228088784,1_ns
72.83877549261496,19.00175940099442,1_ns
72.84188572612813,19.00114178288962,1_ns
72.85411780732613,19.02636850752979,1_ns
72.85551588199716,19.02893094288289,1_ns
72.85569562072024,19.03002597281117,1_ns
72.85575210180625,19.02987862813756,1_ns
72.85700004412666,19.02643896230691,1_ns
72.85473960777126,19.02281446693934,1_ns
72.85193306723808,19.02572019881251,1_ns
72.84131546372524,19.04146920944723,1_ns
72.85102107628042,19.05641199591162,1_ns
72.85947737795057,19.0778601578235,1_ns
72.86266563613553,19.07634057031247,1_ns
72.86199864175413,19.07315401591684,1_ns
72.86371060007748,19.07236027043333,1_ns
72.85137396943804,19.07648129822413,1_ns
72.85473698178581,19.0790126061341,1_ns
72.85157881289814,19.08178158573912,1_ns
72.8964381484559,19.06747816462242,1_ns
72.90107858792327,19.06952868721944,1_ns
72.89854364097017,19.07079082110006,1_ns
72.90457508407873,19.07892538349998,1_ns
72.90483019769241,19.08058597600073,1_ns
72.90346264403469,19.0793711530992,1_ns
72.9042049260446,19.08520330278428,1_ns
72.90164791940819,19.08358149147375,1_ns
72.90578200819346,19.07829284868889,1_ns
72.90659217382404,19.08162133624473,1_ns
72.90760334194015,19.07937682054569,1_ns
72.90937734585022,19.08220860686296,1_ns
72.90860963947138,19.08285184308727,1_ns
72.91173192215768,19.08391992967819,1_ns
72.91291256201848,19.08650105970676,1_ns
72.91378038532245,19.08770379967542,1_ns
72.91557099577902,19.08807792222265,1_ns
72.91185702911588,19.07744703304957,1_ns
72.90985625813086,19.07560246002536,1_ns
72.90810181612378,19.0775926285926,1_ns
72.90690984545131,19.07728019041322,1_ns
72.90280303597058,19.07193379275679,1_ns
72.90829256413861,19.07424110934994,1_ns
72.90530971771206,19.06802372542236,1_ns
72.90215785510314,19.05840535780134,1_ns
72.89704505556462,19.06064520328765,1_ns
72.89795132244836,19.05858714559129,1_ns
72.90154520251502,19.05701966274987,1_ns
72.90379445735297,19.05707411046021,1_ns
72.90135929904771,19.05465159502238,1_ns
72.89971752907799,19.05617178050804,1_ns
72.89610046884103,19.05674593443877,1_ns
72.89783084911797,19.05749696098805,1_ns
72.90536043926801,19.05465394651832,1_ns
72.89922019379921,19.0542215781388,1_ns
72.90503830027239,19.04807544784636,1_ns
72.90393760652933,19.0499396531762,1_ns
72.90583557443264,19.0500329132213,1_ns
72.90257963121603,19.0577380248044,1_ns
72.9009314209794,19.06133811028063,1_ns
72.90514777209376,19.08621300465844,1_ns
72.90490054501009,19.08878909696244,1_ns
72.90241351000378,19.09020443496849,1_ns
72.91164777967863,19.09384799556073,1_ns
72.91235530439117,19.09523996687617,1_ns
72.91422280036687,19.09310535404916,1_ns
72.9040929543625,19.08585214122089,1_ns
72.90068098701255,19.08342209827358,1_ns
72.90266993195669,19.08860100361348,1_ns
72.84959229362316,19.13075746710582,1_ns
72.84786879778038,19.16081439814658,1_ns
72.85425378524491,19.16380008390058,1_ns
72.84740459104916,19.15694039440245,1_ns
72.84169985643189,19.16205584800703,1_ns
72.84031162401372,19.16238121295276,1_ns
72.85340407611655,19.16530642909052,1_ns
72.85239507009121,19.16568602171705,1_ns
72.84548675353622,19.15542079918373,1_ns
72.82791007074931,19.14988999861567,1_ns
72.82937662386665,19.15213928617676,1_ns
72.82906478146248,19.14866741397844,1_ns
72.82540800688722,19.14453576275963,1_ns
72.82494760584774,19.14644905215113,1_ns
72.82400335926573,19.14373128152408,1_ns
72.82528112608125,19.14174190920878,1_ns
72.82472034521062,19.1398996434045,1_ns
72.8259622547109,19.14291348896252,1_ns
72.85071145373524,19.25168688845534,2_ns
72.84936387505444,19.24867148180919,2_ns
72.84819880306301,19.24768640589811,2_ns
72.84898405877027,19.24731165815769,2_ns
72.85516127476517,19.250275971107,2_ns
72.85098386556368,19.24612248217393,2_ns
72.84938018067973,19.24591452092962,2_ns
72.84768900333353,19.24671731921275,2_ns
72.85838983532051,19.24557168162163,2_ns
72.85723677800823,19.25066420512228,2_ns
72.85735212304267,19.2529742350654,2_ns
72.86028006884845,19.25270793704519,2_ns
72.86129110972048,19.25278884657573,2_ns
72.86055192565851,19.24714368114438,2_ns
72.86052819585136,19.25018171310551,2_ns
72.86250858824849,19.25186186912043,2_ns
72.84300232230237,19.23506698707182,2_ns
72.85285010046933,19.23677110017619,2_ns
72.85607094347537,19.23668102789596,2_ns
72.85417739539278,19.23618460621634,2_ns
72.85319321701401,19.23295326404877,2_ns
72.85307409820329,19.23295034917847,2_ns
72.85151319644115,19.23336229485457,2_ns
72.8501710423124,19.23231659093923,2_ns
72.85228650887585,19.23124301453411,2_ns
72.85358139882946,19.23183739793312,2_ns
72.85252220164378,19.22916682809599,2_ns
72.8513171422573,19.22964373358224,2_ns
72.84971824187343,19.22926692866906,2_ns
72.84865436137837,19.22676491093253,2_ns
72.84756117305902,19.22533126683031,2_ns
72.84737940185214,19.22543934864223,2_ns
72.84687053809,19.22660858140587,2_ns
72.84519191389452,19.22696126664768,2_ns
72.84473541380457,19.22621849793029,2_ns
72.84394562054358,19.22676182606654,2_ns
72.84243171487709,19.22762499898375,2_ns
72.842101466221,19.22879863102338,2_ns
72.84285056255379,19.23191203468468,2_ns
72.84210017302328,19.2331878845442,2_ns
72.8417358338028,19.23559865845917,2_ns
72.85671584533489,19.23489624025832,2_ns
72.85431868147961,19.22667869335234,2_ns
72.85257610968858,19.22719870355394,2_ns
72.85242100422811,19.22415625981977,2_ns
72.85146036968067,19.22441405993055,2_ns
72.85085599892545,19.2225422222478,2_ns
72.84948303468074,19.22262106171079,2_ns
72.84655984634425,19.22271805947803,2_ns
72.84580811874265,19.2240501753951,2_ns
72.84181137885749,19.22198216903392,2_ns
72.85391038360805,19.22199814937205,2_ns
72.85335392346624,19.22491066362747,2_ns
72.8622969726393,19.22912456779727,2_ns
72.8610233870758,19.23646438520198,2_ns
72.85999913222616,19.23469512129408,2_ns
72.86081391991075,19.23758459670147,2_ns
72.86292560391696,19.24534468379348,2_ns
72.86165329530189,19.24610142090362,2_ns
72.86371061935756,19.25149725310842,2_ns
72.86862436500626,19.23963185570036,2_ns
72.86783547997473,19.24450781173671,2_ns
72.86548906332565,19.24096208186833,2_ns
72.8699587667578,19.24095848450132,2_ns
72.86656204430939,19.22787825532995,2_ns
72.86497373710385,19.2293024506809,2_ns
72.86423824609692,19.23440473679556,2_ns
72.86496936245481,19.23599801328872,2_ns
72.84381295098444,19.23159801843765,2_ns
72.842857610416,19.23382545829202,2_ns
72.84326458606691,19.20392857435552,2_ns
72.84105039205041,19.20275581825516,2_ns
72.84117496270896,19.20268174028432,2_ns
72.84549929227103,19.20286493153922,2_ns
72.84509067782172,19.20435900035473,2_ns
72.84138490505491,19.20395961162117,2_ns
72.8405415087248,19.20343754494587,2_ns
72.83872364067415,19.20863819052052,2_ns
72.84014008215672,19.21060130332661,2_ns
72.84100519654781,19.2118181029909,2_ns
72.8406954448984,19.21416324197852,2_ns
72.8400741986955,19.21299096023303,2_ns
72.84745939041906,19.20287439968322,2_ns
72.8460818632858,19.20395906093469,2_ns
72.84402899242853,19.20583707290857,2_ns
72.84258822127154,19.20476046055061,2_ns
72.84341927271385,19.20127125754427,2_ns
72.84180839838899,19.20192593813974,2_ns
72.84006440579033,19.20296302544577,2_ns
72.84790179550498,19.20014705099916,2_ns
72.84463296054156,19.19871703963997,2_ns
72.84304754192783,19.19844671203935,2_ns
72.84245371115101,19.19627229352474,2_ns
72.84488354891029,19.19702621234783,2_ns
72.84515947118886,19.1944103227295,2_ns
72.84072504553531,19.19526555187157,2_ns
72.8411328003201,19.19677978972686,2_ns
72.84192628006764,19.19614362178157,2_ns
72.8391829440904,19.19601147266757,2_ns
72.83589532604665,19.19616939517812,2_ns
72.83618222040435,19.19492433491974,2_ns
72.84975045996144,19.19972821478499,2_ns
72.84882547381959,19.20352147370052,2_ns
72.84774223121389,19.20158702141897,2_ns
72.83840803855546,19.20350519493374,2_ns
72.84235562922699,19.18625176138341,2_ns
72.84361422626091,19.19099263370122,2_ns
72.84424261159033,19.18880209089231,2_ns
72.84079477093921,19.18561724728867,2_ns
72.84398609863781,19.18664947643067,2_ns
72.84254661492383,19.19078760587019,2_ns
72.84695551982779,19.19345927688716,2_ns
72.84775690287537,19.19645990241676,2_ns
72.84678271548152,19.19744961838569,2_ns
72.85188343971346,19.18463867067167,2_ns
72.85214491720237,19.18661254044277,2_ns
72.85152313459812,19.18856482916983,2_ns
72.85658477461337,19.19965916191792,2_ns
72.85700912940777,19.19799998014336,2_ns
72.86582239497275,19.17353231683994,2_ns
72.8663652163866,19.17676503713897,2_ns
72.86693826118565,19.174274983942,2_ns
72.8645706005064,19.17314404329401,2_ns
72.86767610035767,19.17268321790075,2_ns
72.85678735457398,19.18076407663613,2_ns
72.85639473839625,19.1789658917683,2_ns
72.85524512761172,19.17714916855963,2_ns
72.85412374271596,19.17891033482867,2_ns
72.85335366926067,19.17936845055897,2_ns
72.85512655047739,19.17917335088402,2_ns
72.84588235600108,19.17136123589164,2_ns
72.84442172793842,19.1670919976836,2_ns
72.84188759513741,19.16512200254655,2_ns
72.83898861548587,19.16493183517061,2_ns
72.84723201824029,19.16590854572875,2_ns
72.84769316791386,19.16979548980939,2_ns
72.85199765073371,19.12101943748872,2_ns
72.8532516181569,19.12361382462691,2_ns
72.84287251927556,19.11781500059326,2_ns
72.84872113909215,19.10704781638017,2_ns
72.83599922151704,19.10613913748521,2_ns
72.83199713642185,19.10937964237523,2_ns
72.83104368721487,19.10732889256273,2_ns
72.82906787419491,19.10572989882763,2_ns
72.82872703540676,19.10894137490045,2_ns
72.85095481514978,19.10382342655743,2_ns
72.85133863459089,19.10132871405033,2_ns
72.85178548397413,19.0988354853539,2_ns
72.84684606090821,19.09948940718704,2_ns
72.84804186817017,19.10190370914475,2_ns
72.84614366652301,19.10209560907905,2_ns
72.84699477669399,19.10557458047194,2_ns
72.84323322197264,19.10238185730428,2_ns
72.84132738458844,19.10054626145438,2_ns
72.83336276780754,19.06962979542361,2_ns
72.83073797405021,19.0755871922399,2_ns
72.83095455699484,19.07916999125268,2_ns
72.82730630914855,19.05356087033316,2_ns
72.82670207757035,19.05718326377673,2_ns
72.83284469944815,19.05864655173718,2_ns
72.8313543880319,19.06695705150646,2_ns
72.82878440493262,19.07321387542869,2_ns
72.82953886305283,19.07788311712538,2_ns
72.79455719421043,18.9466137596529,3_ns
72.79417247565554,18.94897424862693,3_ns
72.795899868148,18.95142615260757,3_ns
72.79753128437126,18.95369638444274,3_ns
72.79810742735597,18.95333337952919,3_ns
72.80012420123462,18.95088259719451,3_ns
72.79676456588027,18.9492474167248,3_ns
72.81020194673377,18.9588742638048,3_ns
72.81212096417674,18.96277850212848,3_ns
72.81231367965991,18.95969174705429,3_ns
72.80866369496347,18.96749898194107,3_ns
72.80904625749798,18.9726743343105,3_ns
72.80338410853268,18.96504659015603,3_ns
72.80587844029455,18.97103945744741,3_ns
72.80722351246442,18.96786189284535,3_ns
72.80866152413353,18.97503502671176,3_ns
72.80693423920657,18.97203840141479,3_ns
72.81628613514471,18.95920251538802,3_ns
72.81649392761675,18.95926805988447,3_ns
72.82369713901765,18.96378944774176,3_ns
72.82535971646394,18.96313454273828,3_ns
72.81905805544969,18.95258643881485,3_ns
72.8296554066705,18.95409454155387,3_ns
72.82847830430332,18.95055688488652,3_ns
72.82730096224633,18.94937758051095,3_ns
72.83090279452902,18.94865732293398,3_ns
72.8306255416543,18.95036056581339,3_ns
72.82515485465771,18.94204011235466,3_ns
72.82771778275684,18.9402715339352,3_ns
72.82847996864017,18.93810962492784,3_ns
72.82601286963414,18.93512404682349,3_ns
72.82504332224876,18.93420667971022,3_ns
72.83529418473232,18.93604262734089,3_ns
72.83591760206512,18.93715654762877,3_ns
72.83564052441885,18.93663234915834,3_ns
72.83425520980876,18.93427349968531,3_ns
72.83356259531996,18.93309410985038,3_ns
72.83370112358855,18.9330941278571,3_ns
72.83730296359666,18.93558426918814,3_ns
72.83910402177112,18.93656731021147,3_ns
72.83425535490093,18.92975292574204,3_ns
72.83314712552689,18.93047345105152,3_ns
72.83383986855559,18.92798400967295,3_ns
72.83037749819046,18.92130144941375,3_ns
72.82268990411519,18.92437948722661,3_ns
72.8210968681087,18.92568945833694,3_ns
72.82400494311848,18.93014466471935,3_ns
72.82677536212826,18.92903134344199,3_ns
72.82663634086504,18.93387933864487,3_ns
72.80999710631568,18.90542851673188,3_ns
72.80937337523362,18.90765572115084,3_ns
72.80951183887014,18.90778677056359,3_ns
72.81158885258868,18.90968700342499,3_ns
72.81013433465667,18.91106242008836,3_ns
72.82225329050378,18.91244052735122,3_ns
72.82440001490973,18.9155856231732,3_ns
72.8267548588294,18.91722398073594,3_ns
72.81034424948807,18.90149798740702,3_ns
72.8089587138146,18.90418361394769,3_ns
72.84019640813557,18.96957317698938,3_ns
72.84003554777073,18.97164101655863,3_ns
72.83772031777572,18.97051571818212,3_ns
72.8367234494854,18.97103260675284,3_ns
72.84357296133413,18.96920841101902,3_ns
72.83797806589143,18.96300465969282,3_ns
72.83736727030256,18.96127127095915,3_ns
72.83608103391013,18.96194022803752,3_ns
72.83521301392442,18.98814888510386,3_ns
72.8343533010043,18.9867729055826,3_ns
72.83481608247627,18.98921206470608,3_ns
72.84268699101814,18.99033826210717,3_ns
72.8440760288895,18.99065102533671,3_ns
72.84068740331539,19.00545244863626,3_ns
72.84219530367947,19.00770521779724,3_ns
72.84261752046143,19.00876031156048,3_ns
72.84367314805391,19.0083326189399,3_ns
72.84092880713004,19.00268648870207,3_ns
72.83954145178467,19.00359891587282,3_ns
72.83969221689271,19.00414070967397,3_ns
72.8443065148121,19.01155497014146,3_ns
72.84497007384499,19.01129835129837,3_ns
72.84804655280438,19.00257252085791,3_ns
72.83830491451444,19.00402657939181,3_ns
72.83936036474343,19.00605120406429,3_ns
72.83522000631488,19.012816209003,3_ns
72.83675814930982,19.01361474399075,3_ns
72.83693907100464,19.01432764061736,3_ns
72.83422469668506,19.01295870953749,3_ns
72.83877887101566,19.01538284180826,3_ns
72.84423840276928,19.01213230059134,3_ns
72.84508299153991,19.0156113316513,3_ns
72.84454002164975,19.01501245628885,3_ns
72.84535450929734,19.01709422974566,3_ns
72.82953009017456,19.01447489213579,3_ns
72.82864293573738,19.01369381546172,3_ns
72.83396595121231,19.01910345667408,3_ns
72.83824945829134,19.01910381675181,3_ns
72.84986093218014,19.02177902422145,3_ns
72.84747433900617,19.02004344677987,3_ns
72.85181933656594,19.02417995892858,3_ns
72.85151341577802,19.0253659723388,3_ns
72.85270644314483,19.01851036297003,3_ns
72.85264522069959,19.01752687446431,3_ns
72.8512989522995,19.01911782993003,3_ns
72.85304324519726,19.02308074660859,3_ns
72.85322685070338,19.02319645572776,3_ns
72.85405314827656,19.02444034003942,3_ns
72.85319641361964,19.02539493860862,3_ns
72.85255387203514,19.02620490525581,3_ns
72.85811871914918,19.02130570484909,3_ns
72.85842475650526,19.02252058069254,3_ns
72.8575067900275,19.02202889484576,3_ns
72.85818001883477,19.02347515284201,3_ns
72.85814942511773,19.02356193232418,3_ns
72.85781306284996,19.02709091381355,3_ns
72.85891470781318,19.02795866167335,3_ns
72.8568340680895,19.02946289505048,3_ns
72.85597735624064,19.03033070855301,3_ns
72.85518178105175,19.03030179476531,3_ns
72.85273386520009,19.02937618749005,3_ns
72.85288685724595,19.02943403753468,3_ns
72.85404951430998,19.02792987002566,3_ns
72.85135684299152,19.02356217728596,3_ns
72.84789946574411,19.01919444614468,3_ns
72.8476546983477,19.02055395593244,3_ns
72.84511492689687,19.03229779295765,3_ns
72.84382988103518,19.03004150267452,3_ns
72.84346262671177,19.03140105201938,3_ns
72.84324836799412,19.03250028225565,3_ns
72.84119822120505,19.03203743840833,3_ns
72.83960691985131,19.03284740809104,3_ns
72.838352346844,19.03215313268359,3_ns
72.86243518401164,19.03876291063314,3_ns
72.8623126181122,19.03682491349853,3_ns
72.86225141053434,19.0367092165712,3_ns
72.86142518804934,19.03601506790431,3_ns
72.86344499570936,19.03908102030771,3_ns
72.86121129152222,19.0397464669609,3_ns
72.86690593525925,19.0442767656283,3_ns
72.87287442694858,19.05225973966067,3_ns
72.87458819822642,19.05194137019663,3_ns
72.81053174456629,18.95318644996168,1_w
72.81300406713854,18.95212485316464,1_w
72.81457761505219,18.95079721624401,1_w
72.81654465223319,18.94877901759717,1_w
72.81946642395145,18.9471862031272,1_w
72.82126528624178,18.9440520839627,1_w
72.82261420825573,18.94219291505574,1_w
72.82289659648991,18.93842047420479,1_w
72.79727741209429,18.94393489475699,1_w
72.79548252902639,18.93739786405011,1_w
72.79103937674381,18.94595058276805,1_w
72.79221442962715,18.9548781864688,1_w
72.79789630922136,18.96302372834433,1_w
72.79986543654579,18.97137180445515,1_w
72.80369426886946,18.97807325348279,1_w
72.80764261317209,18.97994171183023,1_w
72.81217173672972,18.98170043282077,1_w
72.80984619984446,18.9852149789491,1_w
72.8551455730563,18.96930007428261,1_w
72.85410165897954,18.96325988476424,1_w
72.85108333598384,18.9605139131977,1_w
72.85073616740999,18.95535269947359,1_w
72.84830104925055,18.94272418561506,1_w
72.8454008624481,18.93426820789542,1_w
72.84505582653122,18.92174919414489,1_w
72.83681471097623,18.91812274202665,1_w
72.83333267583468,18.91603487253252,1_w
72.85839600698321,18.9756705564943,1_w
72.86234316386118,18.98962100628443,1_w
72.8602523078829,18.99181761603859,1_w
72.80984165092265,18.99180643698478,1_w
72.80855875352391,18.99850833533795,1_w
72.81008834188344,19.00295538127333,1_w
72.81157160440128,19.0078717425683,1_w
72.81052887457459,19.01264681586649,1_w
72.81349957732199,19.0146141800568,1_w
72.81260532156986,19.01938947920699,1_w
72.81884010673139,19.0302070000089,1_w
72.82641504669925,19.03653000791044,1_w
72.82760767655363,19.02880436665363,1_w
72.82359890178347,19.02290402748472,1_w
72.82983480219977,19.03217605005059,1_w
72.83027658966738,19.04032372478226,1_w
72.81096005795202,19.03610522393584,1_w
72.80144950511655,19.03357414588085,1_w
72.8026299891081,19.04453322586881,1_w
72.807827525352,19.05113827962339,1_w
72.79979485111321,19.05647721096145,1_w
72.79133934393649,19.03553841408548,1_w
72.79551232244035,19.02247430438078,1_w
72.79596999187991,19.00533728527103,1_w
72.79567328290828,19.00449437767485,1_w
72.78884319515757,18.99367521788155,1_w
72.78409372556855,18.98159183398507,1_w
72.87693260758472,18.99707267035032,1_w
72.87930881005327,19.0017071750445,1_w
72.88227989501804,18.99131510093811,1_w
72.90218363254391,18.98667987040997,1_w
72.92298428753799,18.99341837095402,1_w
72.93457833258614,19.00128194448575,1_w
72.94513255271484,19.0008580806023,1_w
72.94275105002328,18.99228965496567,1_w
72.9213483175526,18.9840080494898,1_w
72.95682674111882,19.01494634541544,1_w
72.95742115559322,19.01550789059707,1_w
72.95771856316588,19.01635045777422,1_w
72.96262485095745,19.02631993407584,1_w
72.96842379519997,19.03671006124273,1_w
72.97169781684144,19.04682048990715,1_w
72.96873016251462,19.05496746539857,1_w
72.96680226869877,19.06227150511792,1_w
72.96769783487379,19.06915354066166,1_w
72.965027306743,19.07716089370848,1_w
72.96473153273109,19.07968949355357,1_w
72.91195873516128,19.15378101120476,1_w
72.9103242550519,19.16038167753132,1_w
72.91523005348961,19.15841493236471,1_w
72.91166093808719,19.15027021020942,1_w
72.90779526831781,19.14563635501136,1_w
72.90749841744204,19.14984937572863,1_w
72.9016985322211,19.12541396491423,1_w
72.90600947504417,19.12808209157059,1_w
72.76710783882277,19.14317530241035,1_w
72.76665688582762,19.15005664678798,1_w
72.76561106067808,19.15679711359229,1_w
72.76325367710133,19.12631842955689,1_w
72.78734762798902,19.10638870480923,1_w
72.78794204089041,19.10667003766987,1_w
72.79804619576339,19.1128566421316,1_w
72.80279796520649,19.12170811282767,1_w
72.80398843895823,19.10264030503532,1_w
72.81336038060813,19.09126624338914,1_w
72.80653258549646,19.07356731707752,1_w
72.80593820863866,19.07328616622154,1_w
72.79315811970447,19.06766196800861,1_w
72.81382160577877,19.05882392858938,1_w
72.81382613201076,19.04716670325921,1_w
72.81367763711074,19.04688572410758,1_w
72.80610550452171,19.02763731284719,1_w
72.79763195258008,19.0354988079021,1_w
72.79360929001888,19.05783034854787,1_w
72.79405507419752,19.05811152235216,1_w
72.80876513079592,19.06710785538467,1_w
72.79820003539689,19.08817060938514,1_w
72.79566733693048,19.0960354397107,1_w
72.81573282014419,19.10194163092753,1_w
72.80250028954248,19.10474688855776,1_w
72.80399556072982,19.0915438180782,1_w
72.96942028841502,19.09777886317926,1_w
72.97030775663789,19.08864676901127,1_w
72.91668713671589,19.19161389111796,1_w
72.87262808094749,18.98621853315816,1_w
72.86817056901963,18.97694580165025,1_w
72.88748150574797,18.97357835111909,1_w
72.88302457863027,18.96739598247064,1_w
72.8711406323016,18.96669043801387,1_w
72.86609005536637,18.97118487523744,1_w
72.88673957173091,18.97989979636361,1_w
72.88688806185603,18.97947839039942,1_w
72.89208319136529,18.95559439804693,1_w
72.87916055897068,18.95559181874848,1_w
72.87360428933478,18.94549369772765,1_w
72.86498917022477,18.95181290036887,1_w
72.86959529130631,18.93144835333816,1_w
72.85890197269151,18.92877728935314,1_w
72.85682290888067,18.91852246819388,1_w
72.87687170207299,18.91965128827264,1_w
72.92794923834087,18.94183921486935,1_w
72.92349272149065,18.93032430783219,1_w
72.90864766413603,18.94198271170272,1_w
72.89795492795939,18.91529893983896,1_w
72.88830567577699,18.9336975530348,1_w
72.88147470355278,18.91796646524273,1_w
72.86840697989,18.91136174588562,1_w
72.84285928738487,18.90629377412819,1_w
72.84241358298038,18.90615302935205,1_w
72.83097245548853,18.90347633510385,1_w
72.82983973582959,18.88689800434482,1_w
72.82969162621642,18.88605531214463,1_w
72.82969190081282,18.88535310509969,1_w
72.82643212291347,18.87004419218378,1_w
72.82583840312813,18.87004398794162,1_w
72.79377276640798,18.86736128168032,1_w
72.79019959488672,18.88266978816083,1_w
72.78603354828978,18.89292222249463,1_w
72.80088321334559,18.91439809376331,1_w
72.79687009046536,18.92366624831937,1_w
72.77799901973613,18.94093067256048,1_w
72.77560992061075,18.95890783704351,1_w
72.78303189604682,18.96733920337514,1_w
72.7846424223041,19.00618322944701,1_w
72.78166408280089,19.0167154412682,1_w
72.78196147150108,19.01643470507419,1_w
72.80410072690445,19.01532254382111,1_w
72.78210446092025,19.02486200090225,1_w
72.78462005848262,19.03989224940744,1_w
72.79040525721241,19.05450350735521,1_w
72.81493767905881,19.03175839854519,1_w
72.81804030510202,19.07285495661175,1_w
72.82338399263391,19.08732171615444,1_w
72.82323085284284,19.09813555971733,1_w
72.81802113221944,19.11442666238318,1_w
72.81147176629256,19.12931580590306,1_w
72.78612293031546,19.14578638224599,1_w
72.93905412317234,19.01011219648148,1_w
72.94588836076611,19.01432363920717,1_w
72.96297841621977,19.0318722972861,1_w
72.96521728214526,19.0539200899822,1_w
72.89522695943921,18.99368038659462,1_w
72.88170759813599,19.00589998208954,1_w
72.86951950598112,19.00069842622909,1_w
72.81639170198838,18.89470882787206,1_w
72.82753069828682,18.90749794420223,1_w
72.80457057921299,19.13560049452645,1_w
72.7946080234794,19.128432580411,1_w
72.96879365160206,19.11578036939031,1_w
72.97370405444748,19.12729561652418,1_w
72.96507366963776,19.10566786137021,1_w
72.96176801157262,19.07276326980716,1_w
72.93320522782821,19.00557439199205,1_w
72.8310084017148,18.91328096092434,1_w
72.81021060171759,18.92183925917966,1_w
72.80663094381769,18.95027680749424,1_w
72.80760640526204,18.98897703154351,1_w
72.8307691383984,19.02550239845433,1_w
72.83536859183232,19.0416551702122,1_w
72.81639121004631,19.07767589492504,1_w
72.81016507707469,19.04621415524612,1_w
72.80200187050907,19.02429996260673,1_w
72.85770386993237,19.05791668167511,1_w
72.91105364559034,19.15157105679924,1_w
72.90406202032423,19.12502466499638,1_w
72.89960217555492,19.12502461638862,1_w
72.964054717548,19.07136261010923,1_w
72.97029840128451,19.07430996913318,1_w
72.97266375075826,19.05408223482963,1_w
72.9559941291671,19.00445966051387,1_w
72.88251909218016,18.96353170162993,1_w
72.87047905029738,18.96156042062699,1_w
72.85338942033243,18.91147293593909,1_w
72.86601406232707,18.90009719770947,1_w
72.87700765282236,18.92552818158715,1_w
72.83474639331746,18.89577723617019,1_w
72.82138019331312,18.89029348147017,1_w
72.8001326844192,18.89112481249083,1_w
72.80591700975839,18.91697798615029,1_w
72.85469644334123,18.95702539585526,1_w
72.85840838834879,18.9684041193523,1_w
72.86642066992293,19.00099837326095,1_w
72.81872355145288,18.93494392624099,1_w
72.81456142791247,18.94575619043536,1_w
72.78870730002795,18.96330156789273,1_w
72.88025997955359,19.00933514679065,1_f
72.87509698447134,19.00926601087211,1_f
72.87262446836608,19.00899075796017,1_f
72.86833388209435,19.00569008898526,1_f
72.86426115707022,19.00424551854837,1_f
72.88614982776267,19.00679168765403,1_f
72.88324131057053,19.01160395708532,1_f
72.88309588041638,19.01160395249222,1_f
72.88062353620236,19.01126011454371,1_f
72.88331390910412,19.01957858269486,1_f
72.88316847095115,19.01957858098397,1_f
72.88105954612189,19.02109098312422,1_f
72.88498640142883,19.02115976559414,1_f
72.89043962850268,19.00184175461582,1_f
72.88796755653811,19.00417925417516,1_f
72.91610670792676,19.00101385559546,1_f
72.91654335960224,19.00397013821069,1_f
72.91737892073712,19.0050702579146,1_f
72.91774419258232,19.01304503179337,1_f
72.91956295954337,19.01723828598655,1_f
72.9210178373915,19.01985038507942,1_f
72.92814591250111,19.02734228114483,1_f
72.9276539052925,19.00940535802339,1_f
72.92925472945511,19.01318624648017,1_f
72.93645613645234,19.02184659083671,1_f
72.93252886345263,19.0199227121074,1_f
72.94365536565435,19.02273821072804,1_f
72.93798441527812,19.02583342605796,1_f
72.94583751118596,19.02452491666514,1_f
72.94736542894626,19.02679304577552,1_f
72.94089069234741,19.01833932019451,1_f
72.93667275809852,19.01682808248422,1_f
72.9335509121271,19.03456555931575,1_f
72.93202265348886,19.03044105792617,1_f
72.93056744571604,19.02741654731476,1_f
72.92082248046603,19.02796875224559,1_f
72.91544106709279,19.03319493637463,1_f
72.91282198401973,19.02824528703948,1_f
72.91456756409517,19.02769496563167,1_f
72.91820324968562,19.02240058119295,1_f
72.91492999762714,19.01999485832354,1_f
72.91441965934739,19.01380733883119,1_f
72.91311050191281,19.01366996890355,1_f
72.91412723891757,19.00734454869077,1_f
72.91034618244463,19.01119507038242,1_f
72.91900244106921,19.01841300181634,1_f
72.92002154854909,19.02301899692105,1_f
72.91333049225665,19.02357012011986,1_f
72.91187632984047,19.02762668264742,1_f
72.91020367563146,19.03120212407042,1_f
72.9133318904799,19.03567052470021,1_f
72.91660513955499,19.03580730473503,1_f
72.91893213994369,19.03188790453157,1_f
72.92104105419641,19.03016868768995,1_f
72.92118538484104,19.02411875204964,1_f
72.91813126781464,19.02659430152028,1_f
72.92540022374678,19.00765709874098,1_f
72.91798250749486,19.00209006663462,1_f
72.91795769046601,19.06906066652025,1_f
72.91788495075713,19.06906067751661,1_f
72.91715775385981,19.07002326897607,1_f
72.92579262298685,19.07755952239648,1_f
72.92288285257567,19.07900376132752,1_f
72.92775944974791,19.08656540376936,1_f
72.93001581372441,19.09041479481192,1_f
72.93241509159309,19.08484566428045,1_f
72.93401686201098,19.08924509827752,1_f
72.94202107293542,19.09494880303294,1_f
72.95220262993978,19.08669596445856,1_f
72.95125282467406,19.07604050437384,1_f
72.95118000404621,19.07583428224009,1_f
72.95052154035362,19.06586533029554,1_f
72.945429424401,19.06497313844119,1_f
72.94412306801306,19.07301781420091,1_f
72.94492469833527,19.07707382315174,1_f
72.94281551839714,19.07803693151905,1_f
72.93524891211098,19.07432638866969,1_f
72.93204990642269,19.08003335975327,1_f
72.93212271773911,19.08023959134923,1_f
72.93889107538531,19.08931253206937,1_f
72.94413401643735,19.10450416502607,1_f
72.9502460863164,19.10628966995016,1_f
72.9548253908884,19.09618196535022,1_f
72.95737960198322,19.11364404686335,1_f
72.9516319191613,19.11488367833359,1_f
72.95927110064207,19.11295580708932,1_f
72.9618211544054,19.11928108857314,1_f
72.96459258883213,19.12405327801391,1_f
72.96321208049743,19.12831609828741,1_f
72.96313937894533,19.12845362047071,1_f
72.95506524365422,19.13581286343632,1_f
72.96903762570528,19.13731940727453,1_f
72.95433977389145,19.14200074033621,1_f
72.95441259873604,19.14213821656465,1_f
72.95732537648092,19.14681228172855,1_f
72.95754373681244,19.14688094229652,1_f
72.95783484915266,19.14688081564758,1_f
72.97398850914479,19.14226713292912,1_f
72.97413427464271,19.14267957467041,1_f
72.97427996722739,19.14295451479384,1_f
72.97515497808526,19.14611675748961,1_f
72.97855462602951,19.15906174596016,1_f
72.97819245641774,19.16215547635909,1_f
72.98016055718355,19.16758544321207,1_f
72.98110986945179,19.17301605868311,1_f
72.98176696483472,19.17645325109935,1_f
72.90456514614939,19.16245238346317,1_f
72.9069680468604,19.16946478879884,1_f
72.90165321331841,19.16355273365914,1_f
72.90762345466406,19.17324612485038,1_f
72.90238155899817,19.17104684885118,1_f
72.896993555447,19.17304161919077,1_f
72.89677511200058,19.17297289239045,1_f
72.89342567181176,19.16967289350775,1_f
72.89684805403424,19.16802231908603,1_f
72.89648186882484,19.1789827113267,1_f
72.89378778672688,19.17643876458335,1_f
72.89349653433675,19.17623248804997,1_f
72.89305966181563,19.17595744756749,1_f
72.89240435939432,19.17568239276655,1_f
72.88869060813684,19.17231296565775,1_f
72.89116583913122,19.17011288432874,1_f
72.89357015041112,19.18489545259033,1_f
72.89327893093625,19.18517046685966,1_f
72.89284208555013,19.18544548352036,1_f
72.88708975904296,19.19025832967651,1_f
72.88155511320802,19.18757676434864,1_f
72.88155511492923,19.18750800613811,1_f
72.88272038334105,19.18551407532494,1_f
72.88279321064681,19.18544532098402,1_f
72.89262356671983,19.18400167558189,1_f
72.9043453864561,19.18846986455858,1_f
72.90893075874536,19.18262583017928,1_f
72.90878443021808,19.17801967433908,1_f
72.91424321816079,19.17568162265338,1_f
72.91802780932207,19.17409986300601,1_f
72.90223240824538,19.17444495511311,1_f
72.90376196787176,19.18001377578994,1_f
72.90398036630762,19.18008251365657,1_f
72.9068197115464,19.18241978329556,1_f
72.90711090885377,19.18255725493577,1_f
72.93164990191359,19.21452181079479,1_f
72.92291265561964,19.21225459186848,1_f
72.91970896147843,19.21060507149483,1_f
72.91271959002603,19.20971261582844,1_f
72.91235554744839,19.20957517172522,1_f
72.90929745961411,19.20661924961496,1_f
72.90886061146715,19.2064130633389,1_f
72.90864218888562,19.20634434793087,1_f
72.90755006670901,19.20586325520971,1_f
72.90784152001912,19.21019483779878,1_f
72.9079871519216,19.2104698442877,1_f
72.90813277954595,19.21067609176253,1_f
72.90835122785094,19.21108860170575,1_f
72.90842404687035,19.21129486430562,1_f
72.906676671681,19.21493954336552,1_f
72.90638541408259,19.21487083956997,1_f
72.90165255594331,19.20662054827794,1_f
72.90150693416328,19.20620803351736,1_f
72.90449205492692,19.2030448518427,1_f
72.90478326979188,19.20276979488,1_f
72.90507448035719,19.20249474004979,1_f
72.90762236820819,19.19885053889146,1_f
72.90776796471584,19.1987817680947,1_f
72.9167229648626,19.20359278276466,1_f
72.9169413534828,19.20352399051216,1_f
72.92574902631308,19.19953477897512,1_f
72.92589453552029,19.19919100803263,1_f
72.92596729798863,19.19905349700455,1_f
72.9282946397803,19.1908034001499,1_f
72.92705620927244,19.18674768343078,1_f
72.92698337047342,19.18654146243356,1_f
72.92290597037585,19.18097386732184,1_f
72.92283312241632,19.18069889374295,1_f
72.92276030514128,19.18056141370802,1_f
72.91970269105943,19.1778808065128,1_f
72.9215940975221,19.17320552899251,1_f
72.90667228631651,19.17135089087038,1_f
72.89371607232428,19.19335198061146,1_f
72.89670132015161,19.20283970214661,1_f
72.9020163867379,19.19706378270103,1_f
72.90201637674096,19.19685753052259,1_f
72.90150648068401,19.192320079064,1_f
72.90172488604205,19.19225130816805,1_f
72.90885966778544,19.19568789553405,1_f
72.90900527966788,19.19582537196055,1_f
72.91206296985945,19.19719987973979,1_f
72.90025713792096,19.15520415668733,1_f
72.90040273656494,19.15561663443235,1_f
72.89821988546267,19.16214773530807,1_f
72.89603656373008,19.16544772918913,1_f
72.89698185927789,19.15293559010828,1_f
72.89683628604088,19.1527980945988,1_f
72.89494383429407,19.15101062427379,1_f
72.87288607939016,19.15324686628043,1_f
72.87856299225885,19.14699122776508,1_f
72.87849022710094,19.14657872729636,1_f
72.87841745720092,19.14637247391092,1_f
72.87958189462512,19.14327879345436,1_f
72.87339573677528,19.14987824408507,1_f
72.8732501762041,19.14994697873065,1_f
72.87150310753634,19.15503418435969,1_f
72.8715758612579,19.15537793097432,1_f
72.87077480038026,19.16012146611708,1_f
72.86560658796787,19.16245847086939,1_f
72.86793698265747,19.15221509237887,1_f
72.86145855031597,19.15517043357017,1_f
72.87412311319581,19.15661559956393,1_f
72.87259531522851,19.14692192772624,1_f
72.83138807643979,19.11867582623808,1_f
72.82002178558878,19.1511918808397,1_f
72.81790909235957,19.15421700737217,1_f
72.81230471686202,19.15235898483778,1_f
72.81259596669695,19.15229028825608,1_f
72.81718345263904,19.150159740757,1_f
72.81659817866816,19.1551794493043,1_f
72.81565077853219,19.15682970107904,1_f
72.84810940717381,19.04812281705308,1_f
72.85145477083454,19.04956728506172,1_f
72.8614906016282,19.05520623927853,1_f
72.8054228535776,18.95939543452239,1_f
72.81595759098957,18.97644995910406,1_f
72.81537527065939,18.97796221901062,1_f
72.82009846196178,18.98380754070316,1_f
72.82278792037881,18.98525216109875,1_f
72.81878960631914,18.98415086705345,1_f
72.82206134080383,18.9841519239283,1_f
72.82169719770079,18.98559557202177,1_f
72.83673645349356,18.97859448024952,1_f
72.87507258284646,19.09333455828179,1_ms
72.87128907872778,19.09553480419803,1_ms
72.87660009703235,19.09642892349973,1_ms
72.87707466891415,19.09407011426357,1_ms
72.87489291888016,19.08231420916852,1_ms
72.8589565103107,19.0992251229049,1_ms
72.85357333481876,19.09028639693142,1_ms
72.86383354721873,19.09021915065366,1_ms
72.86640399788925,19.06388368738123,1_ms
72.86873128407851,19.06704628499328,1_ms
72.86480420557893,19.05989613001903,1_ms
72.87616373879808,19.03436322068908,1_ms
72.89528995337267,19.02460133245449,1_ms
72.89107213699602,19.02302012902044,1_ms
72.89456239279866,19.01793223356018,1_ms
72.89383507049841,19.01552571923109,1_ms
72.89994345914633,19.01621298503834,1_ms
72.90016185854509,19.02006334362402,1_ms
72.90059840193128,19.02350097795962,1_ms
72.90547036775013,19.01985650428383,1_ms
72.90619735074746,19.01676233801691,1_ms
72.89589400428324,19.00818314911177,1_ms
72.89429449308906,19.01120803712134,1_ms
72.89480328036183,19.00673953287522,1_ms
72.90083885517838,19.0138887603721,1_ms
72.89618513875121,19.01361405277957,1_ms
72.89182245934464,19.01684526243342,1_ms
72.89727541338381,19.00632692081258,1_ms
72.89439686693345,19.02169168349992,1_ms
72.89170632475027,19.02499164292544,1_ms
72.88636841689804,19.04074875833132,1_ms
72.87662134139424,19.03978514143319,1_ms
72.87676666461034,19.03662226547874,1_ms
72.87775111009114,19.01801504138124,1_ms
72.88473150856453,19.03272730616707,1_ms
72.84501332306439,18.9561758288765,1_ms
72.84450515897301,18.95294442197718,1_ms
72.82412760923137,19.01104552554053,1_ms
72.86468918546289,19.16994085425223,1_ms
72.88651377654077,19.15429142095899,1_ms
72.89332914791568,19.12300493568717,1_ms
72.88771265678403,19.0776990881753,1_ms
72.83007019057514,19.14223199052482,4_ns
72.83400111941835,19.14037684457112,4_ns
72.83524430197724,19.13434470809383,4_ns
72.83490165554606,19.13282125637226,4_ns
72.8234542466156,19.12837204706705,4_ns
72.81995429902737,19.12898669744493,4_ns
72.83137311060773,19.11295611553383,4_ns
72.8354545461836,19.11545294911276,4_ns
72.83861049859379,19.1152917239084,4_ns
72.84025698010336,19.11542178065892,4_ns
72.84210883515365,19.11707516586423,4_ns
72.84128500068719,19.11908444102124,4_ns
72.85183663319933,19.10725343677854,4_ns
72.85218022451966,19.1044337933869,4_ns
72.83633206674598,19.10776832989297,4_ns
72.83756663951588,19.10916237687854,4_ns
72.83462084435284,19.10349346390644,4_ns
72.83671333711142,19.10346158748436,4_ns
72.83671334768994,19.10342917579744,4_ns
72.84048875019042,19.09548945452632,4_ns
72.83706734627071,19.08974237979227,4_ns
72.8322309992615,19.09025961951535,4_ns
72.82952219090521,19.08740656467512,4_ns
72.82567710415645,19.07169133358582,4_ns
72.82372197628722,19.07165827423747,4_ns
72.82502461809312,19.07370071151454,4_ns
72.83405046065432,19.0565183613674,4_ns
72.83535308952003,19.05794480709749,4_ns
72.84411261169141,19.05846562272986,4_ns
72.84548367818853,19.06079951308299,4_ns
72.85430385799623,19.05785189204621,4_ns
72.85197142883614,19.06067122021176,4_ns
72.85145630037356,19.06378262763351,4_ns
72.84857591882972,19.06255048105083,4_ns
72.85867541348867,19.06362784083936,4_ns
72.86295870491547,19.06098913172814,4_ns
72.86690262754473,19.0586235326287,4_ns
72.86520494000392,19.04360366160156,4_ns
72.86133055191267,19.04120474544371,4_ns
72.86013069131893,19.03909780125691,4_ns
72.85498928552916,19.0312704867698,4_ns
72.85762852244915,19.03655403872384,4_ns
72.84563295677783,19.04065126680831,4_ns
72.84693675749196,19.037961309831,4_ns
72.84610049740441,19.03240905797109,4_ns
72.86166984779446,19.01628824861674,4_ns
72.86331529079202,19.01664497813321,4_ns
72.86286984007373,19.01525128159842,4_ns
72.86701682665311,19.02380821392186,4_ns
72.86705094868792,19.0252667619723,4_ns
72.86886823718203,19.02267401798882,4_ns
72.84384069730002,19.00003767635746,4_ns
72.83887056702078,18.99617938565899,4_ns
72.83825384921539,18.99459096598471,4_ns
72.84833829181399,18.96654611973645,4_ns
72.85357229491737,18.98525363786794,4_ns
72.84901411567887,18.98330815085989,4_ns
72.85038373866952,18.98923963566806,4_ns
72.85281781687979,18.9872305615072,4_ns
72.84654698638253,18.98022860323765,4_ns
72.84771360863049,18.97452448109665,4_ns
72.82447358304067,18.97613831919668,4_ns
72.82293114233717,18.97532736679156,4_ns
72.82426841960303,18.97448513302036,4_ns
72.82262244747426,18.96759174377501,4_ns
72.82317011929455,18.96950424267156,4_ns
72.82241482909004,18.97232388673168,4_ns
72.82165973890285,18.97446292889338,4_ns
72.82806480974889,18.96281655291356,4_ns
72.82859794331499,18.96143610690584,4_ns
72.82629055332386,18.9592897778366,4_ns
72.82627083209171,18.95927111368412,4_ns
72.82362761390695,18.9582440124607,4_ns
72.82463448688492,18.95613603548562,4_ns
72.82550465743577,18.95059958660023,4_ns
72.82366857085877,18.95447967514024,4_ns
72.82224733342827,18.95647555106764,4_ns
72.83104621351337,18.95530293153775,4_ns
72.83668943542034,18.95078955428496,4_ns
72.83668941200632,18.95086418306597,4_ns
72.83666965046177,18.9509761208489,4_ns
72.83548471792356,18.95528556519756,4_ns
72.83451845839741,18.95416587662709,4_ns
72.83357287761777,18.95017301767314,4_ns
72.83110836613309,18.94647576930937,4_ns
72.8288792896508,18.94669896453728,4_ns
72.82714307928569,18.94761260309306,4_ns
72.8272430410678,18.94384389960739,4_ns
72.82736253548198,18.94048556379367,4_ns
72.83177984657523,18.94403190667867,4_ns
72.83325895544657,18.94492787883246,4_ns
72.83266696010604,18.94563667176642,4_ns
72.83276411913216,18.95013301318352,4_ns
72.83227059959073,18.95125229283191,4_ns
72.83043508819328,18.95413161638941,4_ns
72.82917085377548,18.95903803482987,4_ns
72.82167361113511,18.95960291379471,4_ns
72.82976425645994,18.96290495085664,4_ns
72.82980324837973,18.96424827193188,4_ns
72.81936541297596,18.96779112018147,4_ns
72.81335695530285,18.97136342423285,4_ns
72.81094939238676,18.97240722811981,4_ns
72.81041557910598,18.97483250721381,4_ns
72.83640140529791,18.94938201523761,4_ns
72.83377786618239,18.94926932853929,4_ns
72.8314691573138,18.95139555302196,4_ns
72.82835141614406,18.95355887228785,4_ns
72.82586673566709,18.95044225007969,4_ns
72.84038370340888,18.95124687867936,4_ns
72.84030427450573,18.95313121354962,4_ns
72.839711876588,18.95522064415733,4_ns
72.83809480068486,18.95339183962925,4_ns
72.84480524973223,18.96464979125077,4_ns
72.84515979891948,18.96685139016246,4_ns
72.83456357725326,18.97092202892003,4_ns
72.8394603412623,18.98296006939301,4_ns
72.84289158815176,18.98964111337173,4_ns
72.81947043396067,19.01492236027799,4_ns
72.81808972721359,19.01298143618599,4_ns
72.81605811334686,19.00986464685518,4_ns
72.82347599068851,19.01634174601904,4_ns
72.82761927294379,19.01869388835235,4_ns
72.83103114151788,19.02113982115242,4_ns
72.83367458678642,19.02416301970989,4_ns
72.83505533324886,19.02638361785484,4_ns
72.83782935103922,19.03099900703675,4_ns
72.83873571301511,19.03605534733238,4_ns
72.8387151666215,19.03861145571215,4_ns
72.83875577577422,19.04131991725619,4_ns
72.83849942101762,19.04055491159609,4_ns
72.82007194870361,19.01557489257027,4_ns
72.81835539381738,19.0146040158347,4_ns
72.84450636810803,19.02438175910369,4_ns
72.84230521381097,19.02591171793033,4_ns
72.840003320162,19.02545676424506,4_ns
72.84053351416811,19.02918750722842,4_ns
72.84083670054868,19.03050286214496,4_ns
72.86792675684455,19.02792796739408,4_ns
72.86866006451096,19.03034331958889,4_ns
72.86989961340497,19.03000864710762,4_ns
72.86600392580404,19.03070174103058,4_ns
72.86337335853902,19.02893181042814,4_ns
72.86236137432655,19.02984039761975,4_ns
72.86233622658365,19.02881210184499,4_ns
72.85897236573784,19.02469832619698,4_ns
72.85543052028822,19.02586948198656,4_ns
72.85474802162263,19.021923264903,4_ns
72.85386258327293,19.02175563867672,4_ns
72.85389883887764,19.01834178993306,4_ns
72.85718753680089,19.01736194453847,4_ns
72.86012605589114,19.02197076198759,4_ns
72.90297288003411,19.03708784631386,4_ns
72.89788838510727,19.04347330163864,4_ns
72.89955807735541,19.04213401425113,4_ns
72.89766044274228,19.0405796539019,4_ns
72.90383367604488,19.04282722281854,4_ns
72.90661660439612,19.04380742107229,4_ns
72.90641429139457,19.04442919617313,4_ns
72.91191133612821,19.04210109227628,4_ns
72.91084897117257,19.04329696820902,4_ns
72.91087374769585,19.03954229897593,4_ns
72.90743332621801,19.04064280905679,4_ns
72.90462527309978,19.04136050199855,4_ns
72.91605724348686,19.0486084067385,4_ns
72.91648773795669,19.05099980987996,4_ns
72.9132999784608,19.05090463336692,4_ns
72.91276837315775,19.04896761549388,4_ns
72.91135153513214,19.0485851486855,4_ns
72.91147802931583,19.04856121898252,4_ns
72.91886544952351,19.04829701149051,4_ns
72.91749959723735,19.0502582890083,4_ns
72.90689643163361,19.06710228361608,4_ns
72.90679521282138,19.06707838008414,4_ns
72.90363209520987,19.06705477487995,4_ns
72.88301515090878,19.09995109319635,4_ns
72.87661173894271,19.10767508560198,4_ns
72.87586489114253,19.13870121060789,4_s
72.8728711092435,19.13857804917615,4_s
72.87185269505696,19.13896136802112,4_s
72.88006890549029,19.13337138570447,4_s
72.87535749976477,19.132120921477,4_s
72.86968018312777,19.13147878667414,4_s
72.866480229891,19.1327936229356,4_s
72.86641645317627,19.13530621565519,4_s
72.86426358376931,19.13551586342268,4_s
72.8497001702178,19.13712229031295,4_s
72.84320140306845,19.13650131819796,4_s
72.84030161908348,19.13615086144647,4_s
72.84072476030406,19.13598109515967,4_s
72.83863689040075,19.14168626222619,4_s
72.83780086898697,19.14290515361497,4_s
72.82329759659518,19.12505059028181,4_s
72.82240152878701,19.11832526347691,4_s
72.82105868234328,19.11754536945032,4_s
72.83348862608152,19.10187552997477,4_s
72.83272713414182,19.10219506929995,4_s
72.83514891624357,19.10174609761511,4_s
72.83639672478159,19.10184636428969,4_s
72.83709477038387,19.10154676907242,4_s
72.84075625842358,19.08699765420341,4_s
72.84021681717047,19.08757709691652,4_s
72.84031216262636,19.08695757461231,4_s
72.84402997085604,19.08629895973899,4_s
72.84318390534696,19.08688832608601,4_s
72.84306744857138,19.08742789713424,4_s
72.84662063798594,19.08612965132851,4_s
72.84559480708103,19.08669901609868,4_s
72.84634578432794,19.08584979713525,4_s
72.847244542795,19.08601985864547,4_s
72.84713873134167,19.0862896419814,4_s
72.84755127870558,19.08570014999349,4_s
72.85036009655617,19.08386856405842,4_s
72.84952486319865,19.08347868196287,4_s
72.84922839129582,19.08527728551663,4_s
72.84924954343468,19.08525730476797,4_s
72.85135389727854,19.08443833619665,4_s
72.85194589399956,19.08504799509781,4_s
72.85195647413592,19.08501801947595,4_s
72.85224209393785,19.08441851954747,4_s
72.8524745464933,19.08521796791512,4_s
72.85306673896881,19.08493828541091,4_s
72.85351089486792,19.08467855827508,4_s
72.85446215337633,19.08490029406437,4_s
72.85510698995712,19.0857497817867,4_s
72.85501169425618,19.08638929581871,4_s
72.85308737728037,19.08572944676202,4_s
72.85449368459706,19.08581962763704,4_s
72.84758614141708,19.07829998910244,4_s
72.84772341641063,19.07908944184799,4_s
72.84608460757632,19.07843954722643,4_s
72.84559813659082,19.07867926231225,4_s
72.84608474893631,19.07783997728065,4_s
72.84560894891955,19.07767997758947,4_s
72.84608488015465,19.07727038333221,4_s
72.84516301498395,19.07706407249113,4_s
72.84428556061545,19.07633439441583,4_s
72.84428556312282,19.07632440162264,4_s
72.84419046134092,19.07606456495441,4_s
72.84514352172036,19.07426828601143,4_s
72.84491083874262,19.07453803385057,4_s
72.84572506645524,19.07422845004471,4_s
72.84576751747274,19.07357893675424,4_s
72.8457569584765,19.07351897820305,4_s
72.84574639968167,19.07345901961556,4_s
72.84577828416339,19.07276952894571,4_s
72.84576771805772,19.07273954816941,4_s
72.84563036673298,19.07230982524117,4_s
72.84209113430852,19.07399138492287,4_s
72.84191145212951,19.07374152250542,4_s
72.84269457590747,19.0710236800281,4_s
72.84241957870674,19.07139334703645,4_s
72.84219761549033,19.07108350704332,4_s
72.84245148355481,19.06953661007192,4_s
72.84221895127064,19.06923676518797,4_s
72.84318073774868,19.06733033463679,4_s
72.84333911216849,19.06818974732276,4_s
72.84259902107107,19.06812960755653,4_s
72.8426201777455,19.06808964213228,4_s
72.84370927698087,19.0677401669252,4_s
72.84375157337752,19.06772019189439,4_s
72.84412161168724,19.06776025218065,4_s
72.84414276219826,19.06774027180764,4_s
72.84564419526461,19.06731093813346,4_s
72.84514725214051,19.06742074335229,4_s
72.84586379157233,19.06869491540786,4_s
72.84594823573391,19.06924452378492,4_s
72.85368337492615,19.06482093493371,4_s
72.85309132153128,19.06480084142509,4_s
72.85677751276745,19.06266491249878,4_s
72.8541661654356,19.0625645365162,4_s
72.85563537657715,19.06437344561346,4_s
72.8557938555352,19.06493305707069,4_s
72.85837016074282,19.06293627902493,4_s
72.8577992821151,19.06276631669704,4_s
72.84291356041498,19.05514335330211,4_s
72.84227904279693,19.05581271011708,4_s
72.84146527460037,19.05468334010482,4_s
72.839638499975,19.05265191082533,4_s
72.83957525824468,19.05196239607179,4_s
72.83728043194522,19.05358805840293,4_s
72.84346104979741,19.06681294904963,4_s
72.84297230254363,19.07582046810522,4_s
72.84353262061902,19.07604043686017,4_s
72.84801814025732,19.07955980242568,4_s
72.84760572002914,19.07979953546921,4_s
72.84889133989012,19.08388949500949,4_s
72.84966278480503,19.08579822887494,4_s
72.8486370708568,19.08603783999216,4_s
72.85747409912324,19.10056921994164,4_s
72.85637416221607,19.101458376388,4_s
72.8556022982438,19.10095861882072,4_s
72.85819990899273,19.10334899184743,4_s
72.85811536104899,19.10305919401257,4_s
72.86037002332314,19.10515503483271,4_s
72.85993639338548,19.10547473527183,4_s
72.85955562807558,19.10585439658404,4_s
72.85786910375489,19.11031076633965,4_s
72.86118566101251,19.12240729462228,4_s
72.86044541134186,19.12186758832145,4_s
72.85843579123005,19.12544734478554,4_s
72.85837233533833,19.12542734955503,4_s
72.85782238247616,19.12524739437726,4_s
72.85705025829057,19.12537717262644,4_s
72.85816093382206,19.12466787567943,4_s
72.85818209193094,19.12463790117853,4_s
72.85826688841864,19.12352872689828,4_s
72.85764290760702,19.12330877962452,4_s
72.85869580431189,19.12690485211199,4_s
72.85812479143846,19.12611532667414,4_s
72.85793946647324,19.13194532198737,4_s
72.8572095267449,19.13274460807199,4_s
72.85818232727264,19.13424364419766,4_s
72.85981634753608,19.13531571810298,4_s
72.86110676325295,19.13513603943046,4_s
72.86132281393405,19.13817595642882,4_s
72.86080468554904,19.13721659309293,4_s
72.86144331661069,19.1415572523543,4_s
72.86142222861429,19.14112756995297,4_s
72.8596345760038,19.14158696723642,4_s
72.85965572755769,19.14160695559168,4_s
72.8604384147028,19.14187687044161,4_s
72.87248903947925,19.13880094252153,4_s
72.8709718443494,19.12667751825722,4_s
72.87056987608246,19.12724706785026,4_s
72.87015742048857,19.12665744298604,4_s
72.87046417912117,19.12632771099197,4_s
72.86992245399138,19.12581694865779,4_s
72.86996470290015,19.12640651912879,4_s
72.87107523188456,19.12651654208171,4_s
72.87144539585991,19.12665647089485,4_s
72.86839966746265,19.12355097003057,4_s
72.86857951338139,19.1231612734492,4_s
72.8748629752595,19.11809963606182,4_s
72.87595235121785,19.11759008599841,4_s
72.87969611373508,19.11978864391815,4_s
72.8774331530735,19.11479788207334,4_s
72.87459880317796,19.11504752724467,4_s
72.87958951134651,19.10612117484294,4_s
72.87810905277207,19.10485203966716,4_s
72.87814077970081,19.10482206341613,4_s
72.87818308217166,19.10478209501325,4_s
72.87824653570975,19.10472214244448,4_s
72.87913487809747,19.10393276380218,4_s
72.88229510715644,19.09500954266653,4_s
72.88264407833873,19.09572904093448,4_s
72.88267581662413,19.09401026805746,4_s
72.88174520073524,19.09389030193198,4_s
72.8819884309673,19.09347060663536,4_s
72.88433687305829,19.08230175218356,4_s
72.8836390265789,19.08181210360094,4_s
72.88496080026589,19.07586383347834,4_s
72.88078442396809,19.07325561461507,4_s
